STATE,COUNTY,MONTH,DAY,HOUR,MINUTE,VE_FORMS,PERSONS,PEDS,NHS,ROAD_FNC,ROUTE,SP_JUR,HARM_EV,MAN_COLL,REL_JUNC,REL_ROAD,TRAF_FLO,NO_LANES,SP_LIMIT,ALIGNMNT,PROFILE,PAVE_TYP,SUR_COND,TRA_CONT,T_CONT_F,HIT_RUN,LGT_COND,WEATHER,C_M_ZONE,NOT_HOUR,NOT_MIN,ARR_HOUR,ARR_MIN,HOSP_HR,HOSP_MN,SCH_BUS,CF1,CF2,CF3,FATALS,DAY_WEEK,DRUNK_DR,ST_CASE,CITY,MILEPT,YEAR,TWAY_ID,RAIL,latitude,longitud
6,71,4,27,20,20,1,3,1,0,14,4,0,8,0,1,1,1,4,45,1,1,2,1,0,0,0,2,1,0,99,99,99,99,99,99,0,0,0,0,1,6,1,60903,0,0,2001,VALLEY BLVD,0000000,,
6,1,4,27,23,55,1,1,0,0,16,6,0,33,0,1,4,1,2,25,1,1,2,1,0,0,0,2,1,0,99,99,99,99,0,0,0,99,99,99,1,6,1,60904,1364,0,2001,HACKBERRY ST,0000000,37.472977778,-121.9158417